{"cameraMode":{"drawMode":0,"name":"Shaded","section":"Shading Mode"},"sceneLighting":true,"audioPlay":false,"sceneViewState":{"showFog":true,"showMaterialUpdate":false,"showSkybox":true,"showFlares":true,"showImageEffects":true,"showParticleSystems":true},"in2DMode":false,"pivot":{"x":-0.5535750389099121,"y":0.3536776900291443,"z":-3.6834094524383547},"rotation":{"x":-0.05454033613204956,"y":0.9429128766059876,"z":-0.19389770925045014,"w":-0.26522645354270937},"size":0.6073950529098511,"orthographic":false}